{
  "bo_0": [
    4.453291609822647,
    0.7530622943187991
  ],
  "bo_sv0": [
    6.846150511649585,
    0.5241109228421089
  ],
  "bo_offsv0": [
    3.125799715234918,
    0.3155678469025442
  ],
  "bo_sv1": [
    6.290880221819205,
    0.9728235398210987
  ],
  "bo_offsv1": [
    2.9854546850601174,
    0.33951482540570543
  ],
  "bo_sv2": [
    5.962374262782403,
    1.136081540048275
  ],
  "bo_offsv2": [
    2.784551974767261,
    0.5590822618489588
  ],
  "bo_sv3": [
    5.787463791161938,
    1.1600778932012623
  ],
  "bo_offsv3": [
    2.7008523368505153,
    0.5455035224216883
  ],
  "bo_eq_mean": [
    0.5037090723055935,
    0.14913051470321856
  ],
  "bo_ax_mean": [
    1.0277349931787176,
    0.18091444060420842
  ],
  "grad_0": [
    0.06149421587381461,
    0.09445385174750402
  ],
  "grad_sv0": [
    0.2176441101250888,
    0.16477392913710118
  ],
  "grad_intsv0": [
    0.48125133298631867,
    0.7158957577295451
  ],
  "grad_sv1": [
    0.1386084946933212,
    0.07082792811020008
  ],
  "grad_intsv1": [
    0.16936156894975427,
    0.11203379521692101
  ],
  "grad_sv2": [
    0.0899917048360956,
    0.04348782912050951
  ],
  "grad_intsv2": [
    0.11492965235722943,
    0.06018801644344346
  ],
  "grad_maxnorm": [
    0.1330686211135618,
    0.12171100437374678
  ],
  "grad_intmaxnorm": [
    0.17141806880313176,
    0.18694869576312148
  ],
  "grad_rms": [
    0.04245216609822647,
    0.025706000812313397
  ],
  "grad_eq_mean": [
    0.059618039462941634,
    0.04697702416488659
  ],
  "grad_ax_mean": [
    0.04023418445221135,
    0.04806090944797402
  ],
  "charge_0": [
    0.3701324457708049,
    0.6965204691638547
  ],
  "charge_eq_mean": [
    -0.25254336127216914,
    0.5311853033611111
  ],
  "charge_ax_mean": [
    -0.2537898596521146,
    0.2886161371981014
  ],
  "del_ss": 1,
  "del_metal_spin": 1,
  "ss_flag": 1,
  "metal_spin_flag": 1
}
