mean_y,std_y
1.1993180900316014,0.08611069933842455
