mean, std
2.03096761291015, 0.16563673788099373